{"cameraMode":{"drawMode":0,"name":"Shaded","section":"Shading Mode"},"sceneLighting":false,"audioPlay":false,"sceneViewState":{"m_AlwaysRefresh":false,"showFog":true,"showSkybox":false,"showFlares":true,"showImageEffects":true,"showParticleSystems":true,"showVisualEffectGraphs":true,"m_FxEnabled":true},"in2DMode":false,"pivot":{"x":10.78345012664795,"y":0.04891304299235344,"z":-0.14800627529621125},"rotation":{"x":-0.17101597785949708,"y":-0.10266274213790894,"z":0.01791882887482643,"w":-0.9797484278678894},"size":2.0031471252441408,"orthographic":false}